{
  "custom": {},
  "params": {},
  "props": {
    "defaultSize": {
      "height": 988,
      "width": 1973
    }
  },
  "root": {
    "children": [
      {
        "meta": {
          "name": "PowerBI Report Label"
        },
        "position": {
          "height": 30,
          "width": 850,
          "x": 10,
          "y": 10
        },
        "props": {
          "style": {
            "fontWeight": "bold",
            "textAlign": "center"
          },
          "text": "PowerBI Report Object"
        },
        "type": "ia.display.label"
      },
      {
        "meta": {
          "name": "powerbireport"
        },
        "position": {
          "height": 500,
          "width": 850,
          "x": 10,
          "y": 50
        },
        "propConfig": {
          "props.reportConfig": {
            "binding": {
              "config": {
                "struct": {
                  "clientID": "{this.props.clientID}",
                  "clientSecret": "{this.props.clientSecret}",
                  "reportID": "{this.props.reportID}",
                  "tenantID": "{this.props.tenantID}",
                  "workspaceID": "{this.props.workspaceID}"
                },
                "waitOnAll": true
              },
              "transforms": [
                {
                  "code": "\timport urllib\n\t\t\n\ttenantID \u003d value.tenantID\n\tclientID \u003d value.clientID\n\tclientSecret \u003d value.clientSecret\n\tworkspaceID \u003d value.workspaceID\n\treportID \u003d value.reportID\n\t\n\t#Step 1 - get access token\n\turl \u003d \"https://login.microsoftonline.com/\" + tenantID + \"/oauth2/v2.0/token\"\n\t\n\tdata \u003d urllib.urlencode({\n\t\u0027client_secret\u0027: clientSecret,\n\t\u0027grant_type\u0027:\u0027client_credentials\u0027,\n\t\u0027client_id\u0027:clientID,\n\t\u0027scope\u0027:\u0027https://analysis.windows.net/powerbi/api/.default\u0027\n\t})\n\theaders \u003d {\n\t  \u0027Content-Type\u0027: \u0027application/x-www-form-urlencoded\u0027\n\t}\n\t\n\thttp \u003d system.net.httpClient()\n\tresponseStep1 \u003d http.post(url\u003durl, data\u003ddata, headers\u003dheaders)\n\t\n\t#system.perspective.print(responseStep1.json)\n\taccessToken \u003d responseStep1.json[\u0027access_token\u0027]\n\tif not responseStep1.good:\n\t   system.perspective.print(\u0027Error on step 1\u0027)\n\t   \n\t#Step 2 - get embedURL and report details\n\turl \u003d \"https://api.powerbi.com/v1.0/myorg/groups/\" + workspaceID + \"/reports/\" + reportID\n\t\n\theaders \u003d {\n\t  \u0027Authorization\u0027: \u0027Bearer \u0027 + accessToken \n\t}\n\t\n\tresponseStep2 \u003d http.get(url\u003durl, headers\u003dheaders)\n\t#system.perspective.print(responseStep2.json)\n\t\n\t#Step 3 - get embed token and report config\n\turl \u003d \"https://api.powerbi.com/v1.0/myorg/groups/\" + workspaceID + \"/reports/\" + reportID + \"/GenerateToken\"\n\t\n\tdata \u003d {\"accessLevel\": \"View\"}\n\theaders \u003d {\n\t  \u0027Authorization\u0027: \u0027Bearer \u0027 + accessToken,\n\t  \u0027Content-Type\u0027: \u0027application/json\u0027\n\t}\n\t\n\tresponseStep3 \u003d http.post(url\u003durl, data\u003ddata, headers\u003dheaders)\n\t#system.perspective.print(responseStep3.json)\n\t\n\treportPost \u003d {\n\t\t\"Id\": reportID,\n\t\t\"EmbedUrl\": responseStep2.json[\u0027embedUrl\u0027],\n\t\t\"Type\": \"report\",\n\t\t\"EmbedToken\": {\n\t\t\t\"token\": responseStep3.json[\u0027token\u0027],\n\t\t\t\"tokenId\": responseStep3.json[\u0027tokenId\u0027],\n\t\t\t\"expiration\": responseStep3.json[\u0027expiration\u0027]\n\t\t},\n\t\t\"MinutesToExpiration\": 55,\n\t\t\"DefaultPage\": None,\n\t\t\"MobileDefaultPage\": None\n\t\t};\n\t\u0027\u0027\u0027\n\tfor key in reportPost:\n\t\tif type(reportPost[key]) is dict:\n\t\t\tsystem.perspective.print(\"   \" + str(key) + \": \")\n\t\t\tfor item in reportPost[key]:\n\t\t\t\tsystem.perspective.print(\"      \" + str(item) + \": \" + str(reportPost[key][item]))\n\t\telse:\n\t\t\tsystem.perspective.print(\"   \" + str(key) + \": \" + str(reportPost[key]))\n\t\u0027\u0027\u0027\n\treturn reportPost",
                  "type": "script"
                }
              ],
              "type": "expr-struct"
            }
          }
        },
        "props": {
          "clientID": "bbbbbbbb-bbbb-bbbbb-bbbb",
          "clientSecret": "ccccccccccccccccccccccc",
          "reportID": "eeeeee-eeee-eeeeee-eeee",
          "style": {
            "borderStyle": "solid"
          },
          "tenantID": "aaaaaaaa-aaaa-aaaaa-aaaa",
          "workspaceID": "dddddd-ddddddd-dddd-dddddd"
        },
        "type": "powerbi.display.powerbireport"
      },
      {
        "meta": {
          "name": "Iframe Label"
        },
        "position": {
          "height": 30,
          "width": 850,
          "x": 900,
          "y": 10
        },
        "props": {
          "style": {
            "fontWeight": "bold",
            "textAlign": "center"
          },
          "text": "IFrame with Embed URL"
        },
        "type": "ia.display.label"
      },
      {
        "meta": {
          "name": "IFrame"
        },
        "position": {
          "height": 500,
          "width": 850,
          "x": 900,
          "y": 50
        },
        "props": {
          "src": "https://app.powerbi.com/reportEmbed?reportId\u003daaaaaa-aaaa-aaaaaa-aaaa\u0026autoAuth\u003dtrue\u0026ctid\u003dbbbbb-bbbbb-bbbbb-bbbbb",
          "style": {
            "borderStyle": "dashed"
          }
        },
        "type": "ia.display.iframe"
      },
      {
        "events": {
          "component": {
            "onRowClick": {
              "config": {
                "script": "\tself.getSibling(\"powerbireport\").props.reportID\u003d self.props.selection.data[0].id\n\tself.getSibling(\"IFrame\").props.src \u003d self.props.selection.data[0].embedUrl.split(\"\u0026\")[0] + \"\u0026autoAuth\u003dtrue\u0026ctid\u003d\" + self.getSibling(\"powerbireport\").props.tenantID"
              },
              "scope": "G",
              "type": "script"
            }
          }
        },
        "meta": {
          "name": "Table"
        },
        "position": {
          "height": 350,
          "width": 1740,
          "x": 10,
          "y": 560
        },
        "propConfig": {
          "custom.key": {
            "binding": {
              "config": {
                "path": "../powerbireport.props.workspaceID"
              },
              "transforms": [
                {
                  "code": "\timport urllib\n\t\n\ttenantID \u003d \u00274128dbaa-9832-41bf-90c0-0298b4a9e17e\u0027\n\t#tenantID \u003d value\n\tclientID \u003d \u002739ef5749-fd06-49b6-b0b1-d90a710ecfd7\u0027\n\tclientSecret \u003d \u0027Heu8Q~PgGYh_H-nLzjjz-8nqbSW~0JJms-0GGaav \u0027\n\t#workspaceID \u003d \u0027c1ff9e8e-9ec2-46b2-8cf9-d9266325e4f6\u0027\n\t#reportID \u003d \u002716ee7cce-53a7-44c4-bb3e-20dc99cd436b\u0027\n\tworkspaceID \u003d value\n\t\n\t#Step 1 - get access token\n\turl \u003d \"https://login.microsoftonline.com/\" + tenantID + \"/oauth2/v2.0/token\"\n\t\n\tdata \u003d urllib.urlencode({\n\t\u0027client_secret\u0027: clientSecret,\n\t\u0027grant_type\u0027:\u0027client_credentials\u0027,\n\t\u0027client_id\u0027:clientID,\n\t\u0027scope\u0027:\u0027https://analysis.windows.net/powerbi/api/.default\u0027\n\t})\n\theaders \u003d {\n\t  \u0027Content-Type\u0027: \u0027application/x-www-form-urlencoded\u0027\n\t}\n\t\n\thttp \u003d system.net.httpClient()\n\tresponseStep1 \u003d http.post(url\u003durl, data\u003ddata, headers\u003dheaders)\n\t\n\t#system.perspective.print(responseStep1.json)\n\taccessToken \u003d responseStep1.json[\u0027access_token\u0027]\n\tif not responseStep1.good:\n\t   system.perspective.print(\u0027Error on step 1\u0027)\n\t   \n\t#Step 2 - get embedURL and report details\n\turl \u003d \"https://api.powerbi.com/v1.0/myorg/groups/\" + workspaceID + \"/reports/\"\n\t\n\theaders \u003d {\n\t  \u0027Authorization\u0027: \u0027Bearer \u0027 + accessToken \n\t}\n\t\n\tresponseStep2 \u003d http.get(url\u003durl, headers\u003dheaders)\n\t#system.perspective.print(responseStep2.json)\n\treturn responseStep2.json[\u0027value\u0027]",
                  "type": "script"
                }
              ],
              "type": "property"
            }
          },
          "props.data": {
            "binding": {
              "config": {
                "struct": {
                  "clientID": "{../powerbireport.props.clientID}",
                  "clientSecret": "{../powerbireport.props.clientSecret}",
                  "tenantID": "{../powerbireport.props.tenantID}",
                  "workspaceID": "{../powerbireport.props.workspaceID}"
                },
                "waitOnAll": true
              },
              "transforms": [
                {
                  "code": "\timport urllib\n\t\t\n\ttenantID \u003d value.tenantID\n\tclientID \u003d value.clientID\n\tclientSecret \u003d value.clientSecret\n\tworkspaceID \u003d value.workspaceID\n\n\t\n\t#Step 1 - get access token\n\turl \u003d \"https://login.microsoftonline.com/\" + tenantID + \"/oauth2/v2.0/token\"\n\t\n\tdata \u003d urllib.urlencode({\n\t\u0027client_secret\u0027: clientSecret,\n\t\u0027grant_type\u0027:\u0027client_credentials\u0027,\n\t\u0027client_id\u0027:clientID,\n\t\u0027scope\u0027:\u0027https://analysis.windows.net/powerbi/api/.default\u0027\n\t})\n\theaders \u003d {\n\t  \u0027Content-Type\u0027: \u0027application/x-www-form-urlencoded\u0027\n\t}\n\t\n\thttp \u003d system.net.httpClient()\n\tresponseStep1 \u003d http.post(url\u003durl, data\u003ddata, headers\u003dheaders)\n\t\n\t#system.perspective.print(responseStep1.json)\n\taccessToken \u003d responseStep1.json[\u0027access_token\u0027]\n\tif not responseStep1.good:\n\t   system.perspective.print(\u0027Error on step 1\u0027)\n\t   \n\t#Step 2 - get embedURL and report details\n\turl \u003d \"https://api.powerbi.com/v1.0/myorg/groups/\" + workspaceID + \"/reports/\"\n\t\n\theaders \u003d {\n\t  \u0027Authorization\u0027: \u0027Bearer \u0027 + accessToken \n\t}\n\t\n\tresponseStep2 \u003d http.get(url\u003durl, headers\u003dheaders)\n\treturn responseStep2.json[\u0027value\u0027]\n\t#system.perspective.print(responseStep2.json)\n\t\n\t#Step 3 - get embed token and report config\n\turl \u003d \"https://api.powerbi.com/v1.0/myorg/groups/\" + workspaceID + \"/reports/\" + reportID + \"/GenerateToken\"\n\t\n\tdata \u003d {\"accessLevel\": \"View\"}\n\theaders \u003d {\n\t  \u0027Authorization\u0027: \u0027Bearer \u0027 + accessToken,\n\t  \u0027Content-Type\u0027: \u0027application/json\u0027\n\t}\n\t\n\tresponseStep3 \u003d http.post(url\u003durl, data\u003ddata, headers\u003dheaders)\n\t#system.perspective.print(responseStep3.json)\n\t\n\treportPost \u003d {\n\t\t\"Id\": reportID,\n\t\t\"EmbedUrl\": responseStep2.json[\u0027embedUrl\u0027],\n\t\t\"Type\": \"report\",\n\t\t\"EmbedToken\": {\n\t\t\t\"token\": responseStep3.json[\u0027token\u0027],\n\t\t\t\"tokenId\": responseStep3.json[\u0027tokenId\u0027],\n\t\t\t\"expiration\": responseStep3.json[\u0027expiration\u0027]\n\t\t},\n\t\t\"MinutesToExpiration\": 55,\n\t\t\"DefaultPage\": None,\n\t\t\"MobileDefaultPage\": None\n\t\t};\n\t\u0027\u0027\u0027\n\tfor key in reportPost:\n\t\tif type(reportPost[key]) is dict:\n\t\t\tsystem.perspective.print(\"   \" + str(key) + \": \")\n\t\t\tfor item in reportPost[key]:\n\t\t\t\tsystem.perspective.print(\"      \" + str(item) + \": \" + str(reportPost[key][item]))\n\t\telse:\n\t\t\tsystem.perspective.print(\"   \" + str(key) + \": \" + str(reportPost[key]))\n\t\u0027\u0027\u0027\n\treturn reportPost",
                  "type": "script"
                }
              ],
              "type": "expr-struct"
            }
          }
        },
        "props": {
          "columns": [
            {
              "align": "center",
              "boolean": "checkbox",
              "dateFormat": "MM/DD/YYYY",
              "editable": false,
              "field": "name",
              "filter": {
                "boolean": {
                  "condition": ""
                },
                "date": {
                  "condition": "",
                  "value": ""
                },
                "enabled": false,
                "number": {
                  "condition": "",
                  "value": ""
                },
                "string": {
                  "condition": "",
                  "value": ""
                },
                "visible": "on-hover"
              },
              "footer": {
                "align": "center",
                "justify": "left",
                "style": {
                  "classes": ""
                },
                "title": ""
              },
              "header": {
                "align": "center",
                "justify": "left",
                "style": {
                  "classes": ""
                },
                "title": ""
              },
              "justify": "auto",
              "nullFormat": {
                "includeNullStrings": false,
                "nullFormatValue": "",
                "strict": false
              },
              "number": "value",
              "numberFormat": "0,0.##",
              "progressBar": {
                "bar": {
                  "color": "",
                  "style": {
                    "classes": ""
                  }
                },
                "max": 100,
                "min": 0,
                "track": {
                  "color": "",
                  "style": {
                    "classes": ""
                  }
                },
                "value": {
                  "enabled": true,
                  "format": "0,0.##",
                  "justify": "center",
                  "style": {
                    "classes": ""
                  }
                }
              },
              "render": "auto",
              "resizable": true,
              "sort": "none",
              "sortable": true,
              "strictWidth": false,
              "style": {
                "classes": ""
              },
              "toggleSwitch": {
                "color": {
                  "selected": "",
                  "unselected": ""
                }
              },
              "viewParams": {},
              "viewPath": "",
              "visible": true,
              "width": ""
            },
            {
              "align": "center",
              "boolean": "checkbox",
              "dateFormat": "MM/DD/YYYY",
              "editable": false,
              "field": "id",
              "filter": {
                "boolean": {
                  "condition": ""
                },
                "date": {
                  "condition": "",
                  "value": ""
                },
                "enabled": false,
                "number": {
                  "condition": "",
                  "value": ""
                },
                "string": {
                  "condition": "",
                  "value": ""
                },
                "visible": "on-hover"
              },
              "footer": {
                "align": "center",
                "justify": "left",
                "style": {
                  "classes": ""
                },
                "title": ""
              },
              "header": {
                "align": "center",
                "justify": "left",
                "style": {
                  "classes": ""
                },
                "title": ""
              },
              "justify": "auto",
              "nullFormat": {
                "includeNullStrings": false,
                "nullFormatValue": "",
                "strict": false
              },
              "number": "value",
              "numberFormat": "0,0.##",
              "progressBar": {
                "bar": {
                  "color": "",
                  "style": {
                    "classes": ""
                  }
                },
                "max": 100,
                "min": 0,
                "track": {
                  "color": "",
                  "style": {
                    "classes": ""
                  }
                },
                "value": {
                  "enabled": true,
                  "format": "0,0.##",
                  "justify": "center",
                  "style": {
                    "classes": ""
                  }
                }
              },
              "render": "auto",
              "resizable": true,
              "sort": "none",
              "sortable": true,
              "strictWidth": false,
              "style": {
                "classes": ""
              },
              "toggleSwitch": {
                "color": {
                  "selected": "",
                  "unselected": ""
                }
              },
              "viewParams": {},
              "viewPath": "",
              "visible": true,
              "width": ""
            },
            {
              "align": "center",
              "boolean": "checkbox",
              "dateFormat": "MM/DD/YYYY",
              "editable": false,
              "field": "embedUrl",
              "filter": {
                "boolean": {
                  "condition": ""
                },
                "date": {
                  "condition": "",
                  "value": ""
                },
                "enabled": false,
                "number": {
                  "condition": "",
                  "value": ""
                },
                "string": {
                  "condition": "",
                  "value": ""
                },
                "visible": "on-hover"
              },
              "footer": {
                "align": "center",
                "justify": "left",
                "style": {
                  "classes": ""
                },
                "title": ""
              },
              "header": {
                "align": "center",
                "justify": "left",
                "style": {
                  "classes": ""
                },
                "title": ""
              },
              "justify": "auto",
              "nullFormat": {
                "includeNullStrings": false,
                "nullFormatValue": "",
                "strict": false
              },
              "number": "value",
              "numberFormat": "0,0.##",
              "progressBar": {
                "bar": {
                  "color": "",
                  "style": {
                    "classes": ""
                  }
                },
                "max": 100,
                "min": 0,
                "track": {
                  "color": "",
                  "style": {
                    "classes": ""
                  }
                },
                "value": {
                  "enabled": true,
                  "format": "0,0.##",
                  "justify": "center",
                  "style": {
                    "classes": ""
                  }
                }
              },
              "render": "auto",
              "resizable": true,
              "sort": "none",
              "sortable": true,
              "strictWidth": false,
              "style": {
                "classes": ""
              },
              "toggleSwitch": {
                "color": {
                  "selected": "",
                  "unselected": ""
                }
              },
              "viewParams": {},
              "viewPath": "",
              "visible": true,
              "width": ""
            },
            {
              "align": "center",
              "boolean": "checkbox",
              "dateFormat": "MM/DD/YYYY",
              "editable": false,
              "field": "reportType",
              "filter": {
                "boolean": {
                  "condition": ""
                },
                "date": {
                  "condition": "",
                  "value": ""
                },
                "enabled": false,
                "number": {
                  "condition": "",
                  "value": ""
                },
                "string": {
                  "condition": "",
                  "value": ""
                },
                "visible": "on-hover"
              },
              "footer": {
                "align": "center",
                "justify": "left",
                "style": {
                  "classes": ""
                },
                "title": ""
              },
              "header": {
                "align": "center",
                "justify": "left",
                "style": {
                  "classes": ""
                },
                "title": ""
              },
              "justify": "auto",
              "nullFormat": {
                "includeNullStrings": false,
                "nullFormatValue": "",
                "strict": false
              },
              "number": "value",
              "numberFormat": "0,0.##",
              "progressBar": {
                "bar": {
                  "color": "",
                  "style": {
                    "classes": ""
                  }
                },
                "max": 100,
                "min": 0,
                "track": {
                  "color": "",
                  "style": {
                    "classes": ""
                  }
                },
                "value": {
                  "enabled": true,
                  "format": "0,0.##",
                  "justify": "center",
                  "style": {
                    "classes": ""
                  }
                }
              },
              "render": "auto",
              "resizable": true,
              "sort": "none",
              "sortable": true,
              "strictWidth": false,
              "style": {
                "classes": ""
              },
              "toggleSwitch": {
                "color": {
                  "selected": "",
                  "unselected": ""
                }
              },
              "viewParams": {},
              "viewPath": "",
              "visible": true,
              "width": ""
            },
            {
              "align": "center",
              "boolean": "checkbox",
              "dateFormat": "MM/DD/YYYY",
              "editable": false,
              "field": "",
              "filter": {
                "boolean": {
                  "condition": ""
                },
                "date": {
                  "condition": "",
                  "value": ""
                },
                "enabled": false,
                "number": {
                  "condition": "",
                  "value": ""
                },
                "string": {
                  "condition": "",
                  "value": ""
                },
                "visible": "on-hover"
              },
              "footer": {
                "align": "center",
                "justify": "left",
                "style": {
                  "classes": ""
                },
                "title": ""
              },
              "header": {
                "align": "center",
                "justify": "left",
                "style": {
                  "classes": ""
                },
                "title": ""
              },
              "justify": "auto",
              "nullFormat": {
                "includeNullStrings": false,
                "nullFormatValue": "",
                "strict": false
              },
              "number": "value",
              "numberFormat": "0,0.##",
              "progressBar": {
                "bar": {
                  "color": "",
                  "style": {
                    "classes": ""
                  }
                },
                "max": 100,
                "min": 0,
                "track": {
                  "color": "",
                  "style": {
                    "classes": ""
                  }
                },
                "value": {
                  "enabled": true,
                  "format": "0,0.##",
                  "justify": "center",
                  "style": {
                    "classes": ""
                  }
                }
              },
              "render": "auto",
              "resizable": true,
              "sort": "none",
              "sortable": true,
              "strictWidth": false,
              "style": {
                "classes": ""
              },
              "toggleSwitch": {
                "color": {
                  "selected": "",
                  "unselected": ""
                }
              },
              "viewParams": {},
              "viewPath": "",
              "visible": true,
              "width": ""
            },
            {
              "align": "center",
              "boolean": "checkbox",
              "dateFormat": "MM/DD/YYYY",
              "editable": false,
              "field": "",
              "filter": {
                "boolean": {
                  "condition": ""
                },
                "date": {
                  "condition": "",
                  "value": ""
                },
                "enabled": false,
                "number": {
                  "condition": "",
                  "value": ""
                },
                "string": {
                  "condition": "",
                  "value": ""
                },
                "visible": "on-hover"
              },
              "footer": {
                "align": "center",
                "justify": "left",
                "style": {
                  "classes": ""
                },
                "title": ""
              },
              "header": {
                "align": "center",
                "justify": "left",
                "style": {
                  "classes": ""
                },
                "title": ""
              },
              "justify": "auto",
              "nullFormat": {
                "includeNullStrings": false,
                "nullFormatValue": "",
                "strict": false
              },
              "number": "value",
              "numberFormat": "0,0.##",
              "progressBar": {
                "bar": {
                  "color": "",
                  "style": {
                    "classes": ""
                  }
                },
                "max": 100,
                "min": 0,
                "track": {
                  "color": "",
                  "style": {
                    "classes": ""
                  }
                },
                "value": {
                  "enabled": true,
                  "format": "0,0.##",
                  "justify": "center",
                  "style": {
                    "classes": ""
                  }
                }
              },
              "render": "auto",
              "resizable": true,
              "sort": "none",
              "sortable": true,
              "strictWidth": false,
              "style": {
                "classes": ""
              },
              "toggleSwitch": {
                "color": {
                  "selected": "",
                  "unselected": ""
                }
              },
              "viewParams": {},
              "viewPath": "",
              "visible": true,
              "width": ""
            },
            {
              "align": "center",
              "boolean": "checkbox",
              "dateFormat": "MM/DD/YYYY",
              "editable": false,
              "field": "",
              "filter": {
                "boolean": {
                  "condition": ""
                },
                "date": {
                  "condition": "",
                  "value": ""
                },
                "enabled": false,
                "number": {
                  "condition": "",
                  "value": ""
                },
                "string": {
                  "condition": "",
                  "value": ""
                },
                "visible": "on-hover"
              },
              "footer": {
                "align": "center",
                "justify": "left",
                "style": {
                  "classes": ""
                },
                "title": ""
              },
              "header": {
                "align": "center",
                "justify": "left",
                "style": {
                  "classes": ""
                },
                "title": ""
              },
              "justify": "auto",
              "nullFormat": {
                "includeNullStrings": false,
                "nullFormatValue": "",
                "strict": false
              },
              "number": "value",
              "numberFormat": "0,0.##",
              "progressBar": {
                "bar": {
                  "color": "",
                  "style": {
                    "classes": ""
                  }
                },
                "max": 100,
                "min": 0,
                "track": {
                  "color": "",
                  "style": {
                    "classes": ""
                  }
                },
                "value": {
                  "enabled": true,
                  "format": "0,0.##",
                  "justify": "center",
                  "style": {
                    "classes": ""
                  }
                }
              },
              "render": "auto",
              "resizable": true,
              "sort": "none",
              "sortable": true,
              "strictWidth": false,
              "style": {
                "classes": ""
              },
              "toggleSwitch": {
                "color": {
                  "selected": "",
                  "unselected": ""
                }
              },
              "viewParams": {},
              "viewPath": "",
              "visible": true,
              "width": ""
            },
            {
              "align": "center",
              "boolean": "checkbox",
              "dateFormat": "MM/DD/YYYY",
              "editable": false,
              "field": "",
              "filter": {
                "boolean": {
                  "condition": ""
                },
                "date": {
                  "condition": "",
                  "value": ""
                },
                "enabled": false,
                "number": {
                  "condition": "",
                  "value": ""
                },
                "string": {
                  "condition": "",
                  "value": ""
                },
                "visible": "on-hover"
              },
              "footer": {
                "align": "center",
                "justify": "left",
                "style": {
                  "classes": ""
                },
                "title": ""
              },
              "header": {
                "align": "center",
                "justify": "left",
                "style": {
                  "classes": ""
                },
                "title": ""
              },
              "justify": "auto",
              "nullFormat": {
                "includeNullStrings": false,
                "nullFormatValue": "",
                "strict": false
              },
              "number": "value",
              "numberFormat": "0,0.##",
              "progressBar": {
                "bar": {
                  "color": "",
                  "style": {
                    "classes": ""
                  }
                },
                "max": 100,
                "min": 0,
                "track": {
                  "color": "",
                  "style": {
                    "classes": ""
                  }
                },
                "value": {
                  "enabled": true,
                  "format": "0,0.##",
                  "justify": "center",
                  "style": {
                    "classes": ""
                  }
                }
              },
              "render": "auto",
              "resizable": true,
              "sort": "none",
              "sortable": true,
              "strictWidth": false,
              "style": {
                "classes": ""
              },
              "toggleSwitch": {
                "color": {
                  "selected": "",
                  "unselected": ""
                }
              },
              "viewParams": {},
              "viewPath": "",
              "visible": true,
              "width": ""
            },
            {
              "align": "center",
              "boolean": "checkbox",
              "dateFormat": "MM/DD/YYYY",
              "editable": false,
              "field": "",
              "filter": {
                "boolean": {
                  "condition": ""
                },
                "date": {
                  "condition": "",
                  "value": ""
                },
                "enabled": false,
                "number": {
                  "condition": "",
                  "value": ""
                },
                "string": {
                  "condition": "",
                  "value": ""
                },
                "visible": "on-hover"
              },
              "footer": {
                "align": "center",
                "justify": "left",
                "style": {
                  "classes": ""
                },
                "title": ""
              },
              "header": {
                "align": "center",
                "justify": "left",
                "style": {
                  "classes": ""
                },
                "title": ""
              },
              "justify": "auto",
              "nullFormat": {
                "includeNullStrings": false,
                "nullFormatValue": "",
                "strict": false
              },
              "number": "value",
              "numberFormat": "0,0.##",
              "progressBar": {
                "bar": {
                  "color": "",
                  "style": {
                    "classes": ""
                  }
                },
                "max": 100,
                "min": 0,
                "track": {
                  "color": "",
                  "style": {
                    "classes": ""
                  }
                },
                "value": {
                  "enabled": true,
                  "format": "0,0.##",
                  "justify": "center",
                  "style": {
                    "classes": ""
                  }
                }
              },
              "render": "auto",
              "resizable": true,
              "sort": "none",
              "sortable": true,
              "strictWidth": false,
              "style": {
                "classes": ""
              },
              "toggleSwitch": {
                "color": {
                  "selected": "",
                  "unselected": ""
                }
              },
              "viewParams": {},
              "viewPath": "",
              "visible": true,
              "width": ""
            },
            {
              "align": "center",
              "boolean": "checkbox",
              "dateFormat": "MM/DD/YYYY",
              "editable": false,
              "field": "",
              "filter": {
                "boolean": {
                  "condition": ""
                },
                "date": {
                  "condition": "",
                  "value": ""
                },
                "enabled": false,
                "number": {
                  "condition": "",
                  "value": ""
                },
                "string": {
                  "condition": "",
                  "value": ""
                },
                "visible": "on-hover"
              },
              "footer": {
                "align": "center",
                "justify": "left",
                "style": {
                  "classes": ""
                },
                "title": ""
              },
              "header": {
                "align": "center",
                "justify": "left",
                "style": {
                  "classes": ""
                },
                "title": ""
              },
              "justify": "auto",
              "nullFormat": {
                "includeNullStrings": false,
                "nullFormatValue": "",
                "strict": false
              },
              "number": "value",
              "numberFormat": "0,0.##",
              "progressBar": {
                "bar": {
                  "color": "",
                  "style": {
                    "classes": ""
                  }
                },
                "max": 100,
                "min": 0,
                "track": {
                  "color": "",
                  "style": {
                    "classes": ""
                  }
                },
                "value": {
                  "enabled": true,
                  "format": "0,0.##",
                  "justify": "center",
                  "style": {
                    "classes": ""
                  }
                }
              },
              "render": "auto",
              "resizable": true,
              "sort": "none",
              "sortable": true,
              "strictWidth": false,
              "style": {
                "classes": ""
              },
              "toggleSwitch": {
                "color": {
                  "selected": "",
                  "unselected": ""
                }
              },
              "viewParams": {},
              "viewPath": "",
              "visible": true,
              "width": ""
            },
            {
              "align": "center",
              "boolean": "checkbox",
              "dateFormat": "MM/DD/YYYY",
              "editable": false,
              "field": "",
              "filter": {
                "boolean": {
                  "condition": ""
                },
                "date": {
                  "condition": "",
                  "value": ""
                },
                "enabled": false,
                "number": {
                  "condition": "",
                  "value": ""
                },
                "string": {
                  "condition": "",
                  "value": ""
                },
                "visible": "on-hover"
              },
              "footer": {
                "align": "center",
                "justify": "left",
                "style": {
                  "classes": ""
                },
                "title": ""
              },
              "header": {
                "align": "center",
                "justify": "left",
                "style": {
                  "classes": ""
                },
                "title": ""
              },
              "justify": "auto",
              "nullFormat": {
                "includeNullStrings": false,
                "nullFormatValue": "",
                "strict": false
              },
              "number": "value",
              "numberFormat": "0,0.##",
              "progressBar": {
                "bar": {
                  "color": "",
                  "style": {
                    "classes": ""
                  }
                },
                "max": 100,
                "min": 0,
                "track": {
                  "color": "",
                  "style": {
                    "classes": ""
                  }
                },
                "value": {
                  "enabled": true,
                  "format": "0,0.##",
                  "justify": "center",
                  "style": {
                    "classes": ""
                  }
                }
              },
              "render": "auto",
              "resizable": true,
              "sort": "none",
              "sortable": true,
              "strictWidth": false,
              "style": {
                "classes": ""
              },
              "toggleSwitch": {
                "color": {
                  "selected": "",
                  "unselected": ""
                }
              },
              "viewParams": {},
              "viewPath": "",
              "visible": true,
              "width": ""
            }
          ]
        },
        "type": "ia.display.table"
      }
    ],
    "meta": {
      "name": "root"
    },
    "type": "ia.container.coord"
  }
}